{
  "causal_instances": 186,
  "complete_causal_instances": 186,
  "environments": [
    "apartment",
    "isr",
    "kitchen"
  ],
  "manifest_runs": 105,
  "matched_rows": 1302,
  "paired_ate_by_substitution": {
    "armar7->hsrb": -0.04838709677419355,
    "armar7->pr2": 0.3333333333333333,
    "armar7->rollin_justin": 0.3817204301075269,
    "armar7->stretch": -0.08602150537634409,
    "armar7->tiago": 0.1827956989247312,
    "armar7->unitree_g1": 0.24193548387096775,
    "hsrb->armar7": 0.04838709677419355,
    "hsrb->pr2": 0.3817204301075269,
    "hsrb->rollin_justin": 0.43010752688172044,
    "hsrb->stretch": -0.03763440860215054,
    "hsrb->tiago": 0.23118279569892472,
    "hsrb->unitree_g1": 0.2903225806451613,
    "pr2->armar7": -0.3333333333333333,
    "pr2->hsrb": -0.3817204301075269,
    "pr2->rollin_justin": 0.04838709677419355,
    "pr2->stretch": -0.41935483870967744,
    "pr2->tiago": -0.15053763440860216,
    "pr2->unitree_g1": -0.0913978494623656,
    "rollin_justin->armar7": -0.3817204301075269,
    "rollin_justin->hsrb": -0.43010752688172044,
    "rollin_justin->pr2": -0.04838709677419355,
    "rollin_justin->stretch": -0.46774193548387094,
    "rollin_justin->tiago": -0.1989247311827957,
    "rollin_justin->unitree_g1": -0.13978494623655913,
    "stretch->armar7": 0.08602150537634409,
    "stretch->hsrb": 0.03763440860215054,
    "stretch->pr2": 0.41935483870967744,
    "stretch->rollin_justin": 0.46774193548387094,
    "stretch->tiago": 0.26881720430107525,
    "stretch->unitree_g1": 0.3279569892473118,
    "tiago->armar7": -0.1827956989247312,
    "tiago->hsrb": -0.23118279569892472,
    "tiago->pr2": 0.15053763440860216,
    "tiago->rollin_justin": 0.1989247311827957,
    "tiago->stretch": -0.26881720430107525,
    "tiago->unitree_g1": 0.05913978494623656,
    "unitree_g1->armar7": -0.24193548387096775,
    "unitree_g1->hsrb": -0.2903225806451613,
    "unitree_g1->pr2": 0.0913978494623656,
    "unitree_g1->rollin_justin": 0.13978494623655913,
    "unitree_g1->stretch": -0.3279569892473118,
    "unitree_g1->tiago": -0.05913978494623656
  },
  "robots": [
    "armar7",
    "hsrb",
    "pr2",
    "rollin_justin",
    "stretch",
    "tiago",
    "unitree_g1"
  ],
  "robots_per_complete_block": 7,
  "seeds": [
    910001,
    910002,
    910003,
    910004,
    910005
  ],
  "success_rate_by_robot": {
    "armar7": 0.25268817204301075,
    "hsrb": 0.20430107526881722,
    "pr2": 0.5860215053763441,
    "rollin_justin": 0.6344086021505376,
    "stretch": 0.16666666666666666,
    "tiago": 0.43548387096774194,
    "unitree_g1": 0.4946236559139785
  }
}
